,Missing,rate
tripduration,0,0.0
starttime,0,0.0
stoptime,0,0.0
start_station_id,815,2.9946350836895784e-05
end_station_id,6231,0.00022895179394441428
bikeid,0,0.0
usertype,15712,0.0005773215513488424
birthyear,1882643,0.06917581322530797
gender,0,0.0
