Missing,rate
0,0.0
0,0.0
0,0.0
815,2.9946350836895784e-05
6231,0.00022895179394441428
0,0.0
15712,0.0005773215513488424
1882643,0.06917581322530797
0,0.0
